fund_name,organisation_website
The Henry Smith Foundation,https://henrysmith.foundation/grants/
The Henry Smith Foundation,https://henrysmith.foundation/grants/holiday-grants/
The Henry Smith Foundation,https://henrysmith.foundation/grants/
Schroder Charity Trust,https://schrodercharitytrust.org/
Schroder Charity Trust,https://schrodercharitytrust.org/frequently-asked-questions-faqs/
Motability,http://motability.org.uk/charitable-grants/grants-to-charities-and-organisations/
Sea-Changers,https://www.sea-changers.org.uk/home
Alzheimer’s Research UK,https://www.alzheimersresearchuk.org/grants/inspire-fund/
Severn Trent Community Fund,https://www.stwater.co.uk/about-us/severn-trent-community-fund/
Kelly Family Charitable Trust,https://kfct.org.uk/how-to-apply/
Will Charitable Trust,http://www.willcharitabletrust.org.uk/howtoapply.htm
The Newby Trust,https://www.newby-trust.org.uk/special-category/
The Newby Trust,https://www.newby-trust.org.uk
The Inman Charity,http://www.inmancharity.org/.
The Inman Charity,http://www.inmancharity.org/.
James Tudor Foundation,https://www.jamestudor.org.uk/how-to-apply-for-grant-funding
Yapp Charitable Trust,https://yappcharitabletrust.org.uk/how-to-apply/
The Green Hall Foundation,http://greenhallfoundation.org/how-to-apply/
The Green Hall Foundation,https://greenhallfoundation.org/application-cycle/
The Green Hall Foundation,http://greenhallfoundation.org/
Refreshed Comic Relief Grant Strategy,http://www.comicrelief.com/grants/initiatives
Hospital Saturday Fund,http://www.hospitalsaturdayfund.org/
Hospital Saturday Fund,https://formapply.formstack.com/forms/hsforganisationseligibility
The Ulverscroft Foundation,http://www.ulverscroft-foundation.org.uk/grants/
St James’s Place Foundation,http://www.sjpfoundation.co.uk/apply-for-funding.aspx
Cole Charitable Trust,http://www.colecharitabletrust.org.uk/
The Alfred Haines Charitable Trust,http://www.ahct.org.uk/
The Wolfson Foundation – Disability and Health,http://www.wolfson.org.uk/funding/health-and-disability/
The Wolfson Foundation – Disability and Health,http://www.wolfson.org.uk/
People’s Health Trust – Active Communities,http://www.peopleshealthtrust.org.uk/apply-for-funding
The Hedley Foundation,http://www.hedleyfoundation.org.uk/apply-now
The Hedley Foundation,https://www.hedleyfoundation.org.uk/apply-now
The Goldsmiths’ Company Charity,https://www.thegoldsmiths.co.uk/charity/general-charity/apply-grant/
The Goldsmiths’ Company Charity,https://www.thegoldsmiths.co.uk/charity/general-charity/charity-guidelines/
CHK Charities,http://www.chkcharities.co.uk/
The Rayne Foundation,http://www.raynefoundation.org.uk/our-work/grantmaking-uk/applicants/guidelines
The Rayne Foundation,http://www.raynefoundation.org.uk/
Trusthouse Charitable Foundation,http://www.trusthousecharitablefoundation.org.uk/
Aviva Community Fund,https://www.avivacommunityfund.co.uk/
The Eveson Charitable Trust,https://www.eveson.org.uk/
