name,url
Joffe Charitable Trust,https://grantnav.threesixtygiving.org/org/GB-CHC-1180520
Westminster Foundation,https://grantnav.threesixtygiving.org/org/GB-CHC-267618
Vivensa Foundation,https://grantnav.threesixtygiving.org/org/GB-CHC-1140372
Zing,https://grantnav.threesixtygiving.org/org/GB-CHC-1133342
Postcode Society Trust,https://grantnav.threesixtygiving.org/org/GB-SC-SC044911
Nova Wakefield,https://grantnav.threesixtygiving.org/org/GB-CHC-1143640
Coop Foundation,https://grantnav.threesixtygiving.org/org/GB-CHC-1093028
Lincolnshire Community Foundation,https://grantnav.threesixtygiving.org/org/GB-CHC-1196448
CHK Foundation,https://grantnav.threesixtygiving.org/org/GB-CHC-1050900
10GM,https://grantnav.threesixtygiving.org/org/360G-10GM
Essex County Council,https://grantnav.threesixtygiving.org/org/GB-LAE-ESS
Paul Hamlyn Foundation,https://grantnav.threesixtygiving.org/org/GB-CHC-1102927
Sam and Bella Sebba Charitable Foundation,https://grantnav.threesixtygiving.org/org/GB-CHC-1191713
The Coalfields Regeneration Trust,https://grantnav.threesixtygiving.org/org/GB-CHC-1074930
Kurt and Magda Stern Foundation,https://grantnav.threesixtygiving.org/org/GB-CHC-1168201
Postcode Community Trust,https://grantnav.threesixtygiving.org/org/GB-SC-SC044772
Longleigh Foundation,https://grantnav.threesixtygiving.org/org/GB-CHC-1169016
Lisbet Rausing and Peter Baldwin,https://grantnav.threesixtygiving.org/org/360G-LRPB
forRefugees,https://grantnav.threesixtygiving.org/org/GB-CHC-1168435
Postcode Active Trust,https://grantnav.threesixtygiving.org/org/GB-SC-SC044967
Postcode Green Trust,https://grantnav.threesixtygiving.org/org/GB-SC-SC042544
Macc,https://grantnav.threesixtygiving.org/org/GB-CHC-1145921
Scottish Council for Voluntary Organisations,https://grantnav.threesixtygiving.org/org/GB-SC-SC003558
The Archbishops' Council,https://grantnav.threesixtygiving.org/org/GB-CHC-1074857
LGBT Consortium,https://grantnav.threesixtygiving.org/org/GB-CHC-1105502
Two Ridings Community Foundation,https://grantnav.threesixtygiving.org/org/GB-CHC-1166471
Community Foundation North East,https://grantnav.threesixtygiving.org/org/GB-CHC-700510
Energy Saving Trust Foundation,https://grantnav.threesixtygiving.org/org/GB-CHC-1144106
Family Fund Business Services,https://grantnav.threesixtygiving.org/org/GB-COH-06293129
Royal Docks,https://grantnav.threesixtygiving.org/org/GB-LAE-GLA-RD
EA Foundation,https://grantnav.threesixtygiving.org/org/GB-CHC-1194169
Talbot Village Trust,https://grantnav.threesixtygiving.org/org/GB-CHC-249349
Sport England,https://grantnav.threesixtygiving.org/org/GB-COH-RC000766
John Moores Foundation,https://grantnav.threesixtygiving.org/org/GB-CHC-253481
London Marathon Foundation,https://grantnav.threesixtygiving.org/org/GB-CHC-283813
Hampton Fund,https://grantnav.threesixtygiving.org/org/GB-CHC-211756
Heart of England Community Foundation,https://grantnav.threesixtygiving.org/org/GB-CHC-1117345
The Dixon Foundation,https://grantnav.threesixtygiving.org/org/GB-CHC-1189898
The Blagrave Trust,https://grantnav.threesixtygiving.org/org/GB-CHC-1164021
Essex Community Foundation,https://grantnav.threesixtygiving.org/org/GB-CHC-1052061
Henry Smith Foundation,https://grantnav.threesixtygiving.org/org/GB-CHC-230102
Allen Lane Foundation,https://grantnav.threesixtygiving.org/org/GB-CHC-248031
Power to Change Trust,https://grantnav.threesixtygiving.org/org/GB-CHC-1159982
London Legal Support Trust,https://grantnav.threesixtygiving.org/org/GB-CHC-1101906
Department for Education,https://grantnav.threesixtygiving.org/org/GB-GOR-D6
LandAid Charitable Trust,https://grantnav.threesixtygiving.org/org/GB-CHC-295157
The MSE Charity,https://grantnav.threesixtygiving.org/org/GB-CHC-1121320
Postcode Local Trust,https://grantnav.threesixtygiving.org/org/GB-SC-SC045504
The Goldsmiths' Foundation,https://grantnav.threesixtygiving.org/org/GB-CHC-1175593
The Tudor Trust,https://grantnav.threesixtygiving.org/org/GB-CHC-1105580
Cripplegate Foundation,https://grantnav.threesixtygiving.org/org/GB-CHC-207499
The EQ Foundation,https://grantnav.threesixtygiving.org/org/GB-CHC-1161209
Herefordshire Community Foundation,https://grantnav.threesixtygiving.org/org/GB-CHC-1094935
The Leathersellers' Foundation,https://grantnav.threesixtygiving.org/org/GB-CHC-278072
Virgin Money Foundation,https://grantnav.threesixtygiving.org/org/GB-CHC-1161290
Leeds Community Foundation,https://grantnav.threesixtygiving.org/org/GB-CHC-1096892
National Emergencies Trust,https://grantnav.threesixtygiving.org/org/GB-CHC-1182809
London Councils,https://grantnav.threesixtygiving.org/org/GB-COH-03037449
The Baring Foundation,https://grantnav.threesixtygiving.org/org/GB-CHC-258583
London Catalyst,https://grantnav.threesixtygiving.org/org/GB-CHC-1066739
Home Office,https://grantnav.threesixtygiving.org/org/GB-GOR-D16
Three Guineas Trust,https://grantnav.threesixtygiving.org/org/GB-CHC-1059652
LEF,https://grantnav.threesixtygiving.org/org/GB-CHC-271297
Community Foundations for Lancashire & Merseyside,https://grantnav.threesixtygiving.org/org/GB-CHC-1068887
"Department for Digital, Culture, Media and Sport",https://grantnav.threesixtygiving.org/org/GB-GOR-D5
Yorkshire Building Society Charitable Foundation,https://grantnav.threesixtygiving.org/org/GB-CHC-1069082
One Manchester,https://grantnav.threesixtygiving.org/org/GB-MPR-7018
Masonic Charitable Foundation,https://grantnav.threesixtygiving.org/org/GB-CHC-207360
Disability Action,https://grantnav.threesixtygiving.org/org/GB-NIC-100004
R S Macdonald Charitable Trust,https://grantnav.threesixtygiving.org/org/GB-SC-SC012710
Fenton Arts Trust,https://grantnav.threesixtygiving.org/org/GB-CHC-294629
The David & Elaine Potter Foundation,https://grantnav.threesixtygiving.org/org/GB-CHC-1078217
Prudence Trust,https://grantnav.threesixtygiving.org/org/GB-CHC-1187700
A B Charitable Trust,https://grantnav.threesixtygiving.org/org/GB-CHC-1000147
Woodward Charitable Trust,https://grantnav.threesixtygiving.org/org/GB-CHC-299963
The Clothworkers Foundation,https://grantnav.threesixtygiving.org/org/GB-CHC-274100
Greater London Authority,https://grantnav.threesixtygiving.org/org/GB-LAE-GLA
The Samworth Foundation,https://grantnav.threesixtygiving.org/org/GB-CHC-1207859
ST PAUL'S SCHOOLS FOUNDATION,https://grantnav.threesixtygiving.org/org/GB-CHC-312749
Hertfordshire Community Foundation,https://grantnav.threesixtygiving.org/org/GB-CHC-1156082
Barrow Cadbury Trust,https://grantnav.threesixtygiving.org/org/GB-CHC-1115476
GMSP Foundation,https://grantnav.threesixtygiving.org/org/GB-CHC-1113218
The London Community Foundation,https://grantnav.threesixtygiving.org/org/GB-CHC-1091263
Northamptonshire Community Foundation,https://grantnav.threesixtygiving.org/org/GB-CHC-1094646
People's Postcode Trust,https://grantnav.threesixtygiving.org/org/GB-SC-SC040387
New Philanthropy Capital (NPC),https://grantnav.threesixtygiving.org/org/GB-CHC-1091450
Millfield House Foundation,https://grantnav.threesixtygiving.org/org/GB-CHC-1158914
"Foreign, Commonwealth & Development Office",https://grantnav.threesixtygiving.org/org/GB-GOR-D1315
"Ministry of Housing, Communities and Local Government",https://grantnav.threesixtygiving.org/org/GB-GOR-D4
The James Tudor Foundation,https://grantnav.threesixtygiving.org/org/GB-CHC-1105916
The AIM Foundation,https://grantnav.threesixtygiving.org/org/GB-CHC-263294
SHAREGIFT,https://grantnav.threesixtygiving.org/org/GB-CHC-1052686
The Fore,https://grantnav.threesixtygiving.org/org/GB-CHC-1204122
Sir Jules Thorn Charitable Trust,https://grantnav.threesixtygiving.org/org/GB-CHC-233838
Charles Hayward Foundation,https://grantnav.threesixtygiving.org/org/GB-CHC-1078969
National Churches Trust,https://grantnav.threesixtygiving.org/org/GB-CHC-1119845
Oxfordshire Community Foundation,https://grantnav.threesixtygiving.org/org/GB-CHC-1151621
Imperial Health Charity,https://grantnav.threesixtygiving.org/org/GB-CHC-1166084
BBC Children in Need,https://grantnav.threesixtygiving.org/org/GB-CHC-802052
Crowdfunder,https://grantnav.threesixtygiving.org/org/GB-COH-07831511
Firstport,https://grantnav.threesixtygiving.org/org/GB-SC-SC037942
Maudsley Charity,https://grantnav.threesixtygiving.org/org/GB-CHC-1175877
Postcode Innovation Trust,https://grantnav.threesixtygiving.org/org/GB-SC-SC046499
"Department for Science, Innovation and Technology",https://grantnav.threesixtygiving.org/org/GB-GOR-D1381
Oxford City Council,https://grantnav.threesixtygiving.org/org/GB-LAE-OXO
Postcode Education Trust,https://grantnav.threesixtygiving.org/org/GB-SC-SC045922
Trust for London,https://grantnav.threesixtygiving.org/org/GB-CHC-205629
Ministry of Justice,https://grantnav.threesixtygiving.org/org/GB-GOR-D18
Cloudesley,https://grantnav.threesixtygiving.org/org/GB-CHC-205959
The Postlethwaite Music Foundation,https://grantnav.threesixtygiving.org/org/GB-CHC-1164294
Solace Women's Aid,https://grantnav.threesixtygiving.org/org/GB-CHC-1082450
The National Lottery Heritage Fund,https://grantnav.threesixtygiving.org/org/GB-GOR-PC390
The Paul Mellon Centre for Studies in British Art,https://grantnav.threesixtygiving.org/org/GB-CHC-313838
UK Community Foundations,https://grantnav.threesixtygiving.org/org/GB-CHC-1004630
Community Foundation for Calderdale,https://grantnav.threesixtygiving.org/org/GB-CHC-1002722
Postcode Care Trust,https://grantnav.threesixtygiving.org/org/GB-SC-SC042667
Postcode Animal Trust,https://grantnav.threesixtygiving.org/org/GB-SC-SC043837
Birmingham City Council,https://grantnav.threesixtygiving.org/org/GB-LAE-BIR
Gower Street,https://grantnav.threesixtygiving.org/org/GB-CHC-1183461
The Bishop Radford Trust,https://grantnav.threesixtygiving.org/org/GB-CHC-1113562
Walton Charity,https://grantnav.threesixtygiving.org/org/GB-CHC-1185959
Postcode Global Trust,https://grantnav.threesixtygiving.org/org/GB-SC-SC044038
KPMG Foundation,https://grantnav.threesixtygiving.org/org/GB-CHC-1194474
Leicestershire and Rutland Community Foundation,https://grantnav.threesixtygiving.org/org/GB-CHC-1135322
CAF,https://grantnav.threesixtygiving.org/org/GB-CHC-268369
Justice Together Initiative,https://grantnav.threesixtygiving.org/org/GB-CHC-1187441
The Coutts Foundation,https://grantnav.threesixtygiving.org/org/GB-CHC-1150784
Backstage Trust,https://grantnav.threesixtygiving.org/org/GB-CHC-1145887
Access to Justice Foundation,https://grantnav.threesixtygiving.org/org/GB-CHC-1126147
Department of Health and Social Care,https://grantnav.threesixtygiving.org/org/GB-GOR-D12
Culham St Gabriel's Trust,https://grantnav.threesixtygiving.org/org/GB-CHC-309671
London Legacy Development Corporation,https://grantnav.threesixtygiving.org/org/GB-LAE-GLA-LLDC
Postcode Places Trust,https://grantnav.threesixtygiving.org/org/GB-SC-SC049115
Richmond Foundation,https://grantnav.threesixtygiving.org/org/GB-CHC-200069
Somerset Community Foundation,https://grantnav.threesixtygiving.org/org/GB-CHC-1094446
THE MERCERS CHARITABLE FOUNDATION,https://grantnav.threesixtygiving.org/org/GB-CHC-326340
The Segelman Trust,https://grantnav.threesixtygiving.org/org/GB-CHC-1079151
The Dulverton Trust,https://grantnav.threesixtygiving.org/org/CHC-1146484
Thirty Percy Foundation,https://grantnav.threesixtygiving.org/org/GB-CHC-1177514
The Colyer-Fergusson Charitable Trust,https://grantnav.threesixtygiving.org/org/GB-CHC-258958
THE EARL OF NORTHAMPTON'S CHARITY,https://grantnav.threesixtygiving.org/org/GB-CHC-210291
United St Saviour's Charity,https://grantnav.threesixtygiving.org/org/GB-CHC-1103731
Scottish Government,https://grantnav.threesixtygiving.org/org/GB-GOR-DA1020
Department for International Development,https://grantnav.threesixtygiving.org/org/GB-GOR-D8
The Wimbledon Foundation,https://grantnav.threesixtygiving.org/org/GB-CHC-1156996
Historic Environment Scotland,https://grantnav.threesixtygiving.org/org/GB-SC-SC045925
Northern Powergrid Foundation,https://grantnav.threesixtygiving.org/org/GB-CHC-1203185
Stockport MBC,https://grantnav.threesixtygiving.org/org/GB-LAE-SKP
JRSST-CT,https://grantnav.threesixtygiving.org/org/GB-CHC-247498
Wales Council for Voluntary Action,https://grantnav.threesixtygiving.org/org/GB-CHC-218093
Guy's and St Thomas' Foundation (previously Guy's and St Thomas' Charity),https://grantnav.threesixtygiving.org/org/GB-CHC-1160316
"Foreign, Commonwealth & Development Office",https://grantnav.threesixtygiving.org/org/GB-GOR-D13
Andrew Lloyd Webber Foundation,https://grantnav.threesixtygiving.org/org/GB-CHC-1015648
The Triangle Trust 1949 Fund,https://grantnav.threesixtygiving.org/org/GB-CHC-222860
Hazelhurst Trust,https://grantnav.threesixtygiving.org/org/GB-CHC-1145221
Glasgow City Council,https://grantnav.threesixtygiving.org/org/GB-LAS-GLG
Comic Relief,https://grantnav.threesixtygiving.org/org/GB-CHC-326568
St. Martin-in-the-Fields Charity,https://grantnav.threesixtygiving.org/org/GB-CHC-1156305
Independent Age,https://grantnav.threesixtygiving.org/org/GB-CHC-210729
Quixote Foundation,https://grantnav.threesixtygiving.org/org/US-EIN-39-1916960
Gatsby Charitable Foundation,https://grantnav.threesixtygiving.org/org/GB-CHC-251988
Sussex Community Foundation,https://grantnav.threesixtygiving.org/org/GB-CHC-1113226
Local Trust,https://grantnav.threesixtygiving.org/org/GB-CHC-1147511
John Ellerman Foundation,https://grantnav.threesixtygiving.org/org/GB-CHC-263207
Monument Trust,https://grantnav.threesixtygiving.org/org/GB-CHC-242575
Barnwood Trust,https://grantnav.threesixtygiving.org/org/GB-CHC-1162855
Joseph Levy Foundation,https://grantnav.threesixtygiving.org/org/GB-CHC-1165225
Corra Foundation,https://grantnav.threesixtygiving.org/org/GB-SC-SC009481
The Funding Network,https://grantnav.threesixtygiving.org/org/GB-CHC-1088315
Department for Transport,https://grantnav.threesixtygiving.org/org/GB-GOR-D9
The Badur Foundation,https://grantnav.threesixtygiving.org/org/GB-CHC-1142413
Aurora Trust,https://grantnav.threesixtygiving.org/org/GB-CHC-802623
Suffolk Community Foundation,https://grantnav.threesixtygiving.org/org/GB-CHC-1109453
SKINNERS' CHARITY FOUNDATION,https://grantnav.threesixtygiving.org/org/GB-CHC-1199923
Garfield Weston Foundation,https://grantnav.threesixtygiving.org/org/GB-CHC-230260
The Foyle Foundation,https://grantnav.threesixtygiving.org/org/GB-CHC-1081766
Hackney Council,https://grantnav.threesixtygiving.org/org/GB-LAE-HCK
Innox Foundation,https://grantnav.threesixtygiving.org/org/GB-CHC-1189683
Walcot Foundation,https://grantnav.threesixtygiving.org/org/GB-CHC-312800
The Royal Countryside Fund,https://grantnav.threesixtygiving.org/org/GB-CHC-1136077
Hyde Charitable Trust,https://grantnav.threesixtygiving.org/org/GB-CHC-289888
Postcode International Trust,https://grantnav.threesixtygiving.org/org/GB-SC-SC044835
The Julia Rausing Trust (via MCT),https://grantnav.threesixtygiving.org/org/360G-JuliaRausingTrustMCT
Sir George Martin Trust,https://grantnav.threesixtygiving.org/org/GB-CHC-223554
Postcode Support Trust,https://grantnav.threesixtygiving.org/org/GB-SC-SC045861
The Eaton Fund,https://grantnav.threesixtygiving.org/org/GB-CHC-1197452
Steve Morgan Foundation,https://grantnav.threesixtygiving.org/org/GB-CHC-1087056
Lloyds Bank Foundation for England and Wales,https://grantnav.threesixtygiving.org/org/GB-CHC-327114
Alan & Babette Sainsbury Charitable Fund,https://grantnav.threesixtygiving.org/org/GB-CHC-292930
The William Syson Foundation,https://grantnav.threesixtygiving.org/org/GB-SC-SC049635
The Joseph Rank Trust,https://grantnav.threesixtygiving.org/org/GB-CHC-1093844
SKINNERS' EDUCATION FOUNDATION,https://grantnav.threesixtygiving.org/org/GB-CHC-1199922
Violence Reduction Unit,https://grantnav.threesixtygiving.org/org/GB-LAE-GLA-VRU
City Bridge Foundation,https://grantnav.threesixtygiving.org/org/GB-CHC-1035628
The Bell Foundation,https://grantnav.threesixtygiving.org/org/GB-CHC-311585
Tedworth Charitable Trust,https://grantnav.threesixtygiving.org/org/GB-CHC-328524
Dundee City Council,https://grantnav.threesixtygiving.org/org/GB-LAS-DND
Spirit of 2012,https://grantnav.threesixtygiving.org/org/GB-CHC-1155110
Harpur Trust,https://grantnav.threesixtygiving.org/org/GB-CHC-1066861
Postcode Planet Trust,https://grantnav.threesixtygiving.org/org/GB-SC-SC044847
Joseph Rowntree Charitable Trust,https://grantnav.threesixtygiving.org/org/GB-CHC-210037
Women's Fund for Scotland,https://grantnav.threesixtygiving.org/org/GB-SC-SC049217
Camden Giving,https://grantnav.threesixtygiving.org/org/GB-CHC-1174463
"Calouste Gulbenkian Foundation, UK Branch",https://grantnav.threesixtygiving.org/org/GB-COH-00488851
Department for Work and Pensions,https://grantnav.threesixtygiving.org/org/GB-GOR-D10
Friends Provident Foundation,https://grantnav.threesixtygiving.org/org/GB-CHC-1087053
Rank Foundation,https://grantnav.threesixtygiving.org/org/GB-CHC-276976
Postcode Earth Trust,https://grantnav.threesixtygiving.org/org/GB-SC-SC045749
"Department for Business, Energy & Industrial Strategy",https://grantnav.threesixtygiving.org/org/GB-GOR-D1198
The Jerusalem Trust,https://grantnav.threesixtygiving.org/org/GB-CHC-285696
Postcode Neighbourhood Trust,https://grantnav.threesixtygiving.org/org/GB-SC-SC049116
Trusthouse Charitable Foundation,https://grantnav.threesixtygiving.org/org/GB-CHC-1063945
Bòrd na Gàidhlig,https://grantnav.threesixtygiving.org/org/XI-PB-gb/bord-na-gaidhlig
Old Oak and Park Royal Development Corporation (OPDC),https://grantnav.threesixtygiving.org/org/GB-LAE-GLA-OPDC
Halifax Foundation for Northern Ireland,https://grantnav.threesixtygiving.org/org/GB-NIC-101763
Wolfson Foundation,https://grantnav.threesixtygiving.org/org/GB-CHC-1156077
True Colours Trust,https://grantnav.threesixtygiving.org/org/GB-CHC-1089893
The Pilgrim Trust,https://grantnav.threesixtygiving.org/org/GB-CHC-206602
The Wellcome Trust,https://grantnav.threesixtygiving.org/org/GB-CHC-210183
Greenwood Place,https://grantnav.threesixtygiving.org/org/GB-COH-10579996
London Borough of Barnet,https://grantnav.threesixtygiving.org/org/GB-LAE-BNE
Tuixen Foundation,https://grantnav.threesixtygiving.org/org/GB-CHC-1081124
Dorset Community Foundation,https://grantnav.threesixtygiving.org/org/GB-CHC-1122113
Joseph Rowntree Reform Trust,https://grantnav.threesixtygiving.org/org/GB-COH-00357963
Julia Rausing Trust,https://grantnav.threesixtygiving.org/org/GB-CHC-1213572
Foothold,https://grantnav.threesixtygiving.org/org/GB-CHC-208925
Buttle UK,https://grantnav.threesixtygiving.org/org/GB-CHC-313007
Department for Energy Security and Net Zero,https://grantnav.threesixtygiving.org/org/GB-GOR-D1380
People's Health Trust,https://grantnav.threesixtygiving.org/org/GB-CHC-1125537
The Grocers' Charity,https://grantnav.threesixtygiving.org/org/GB-CHC-255230
Postcode Justice Trust,https://grantnav.threesixtygiving.org/org/GB-SC-SC043779
Forever Manchester,https://grantnav.threesixtygiving.org/org/GB-CHC-1017504
OVO Foundation,https://grantnav.threesixtygiving.org/org/GB-CHC-1155954
McCarthy Stone Foundation,https://grantnav.threesixtygiving.org/org/GB-CHC-1191504
Devon Community Foundation,https://grantnav.threesixtygiving.org/org/GB-CHC-1057923
Peter Minet Trust,https://grantnav.threesixtygiving.org/org/GB-CHC-259963
Hands Up For Trad,https://grantnav.threesixtygiving.org/org/GB-SC-SC035190
Lankelly Chase Foundation,https://grantnav.threesixtygiving.org/org/GB-CHC-1107583
Cheshire Community Foundation,https://grantnav.threesixtygiving.org/org/GB-CHC-1143711
Quartet Community Foundation,https://grantnav.threesixtygiving.org/org/GB-CHC-1080418
Cumbria Community Foundation,https://grantnav.threesixtygiving.org/org/GB-CHC-1075120
The Road Safety Trust,https://grantnav.threesixtygiving.org/org/GB-CHC-1156300
Educational Opportunity Foundation,https://grantnav.threesixtygiving.org/org/GB-CHC-314286
Mark Leonard Trust,https://grantnav.threesixtygiving.org/org/GB-CHC-1040323
Rosa UK,https://grantnav.threesixtygiving.org/org/GB-CHC-1124856
Kingston Voluntary Action,https://grantnav.threesixtygiving.org/org/GB-CHC-1160403
Nationwide Foundation,https://grantnav.threesixtygiving.org/org/GB-CHC-1065552
The Childhood Trust,https://grantnav.threesixtygiving.org/org/GB-CHC-1154032
Camden Council,https://grantnav.threesixtygiving.org/org/GB-LAE-CMD
The Teaching Staff Trust,https://grantnav.threesixtygiving.org/org/GB-CHC-1168445
Greater Manchester Mayor's Charity,https://grantnav.threesixtygiving.org/org/GB-CHC-1198852
Feisean Nan Gaidheal,https://grantnav.threesixtygiving.org/org/GB-SC-SC002040
Nuffield Foundation,https://grantnav.threesixtygiving.org/org/GB-CHC-206601
Peter Harrison Foundation,https://grantnav.threesixtygiving.org/org/GB-CHC-1076579
Hackney CVS,https://grantnav.threesixtygiving.org/org/GB-CHC-1069736
Southway Housing Trust,https://grantnav.threesixtygiving.org/org/GB-COH-IP30348R
The Caerlow Trust,https://grantnav.threesixtygiving.org/org/GB-CHC-1202408
HM Treasury,https://grantnav.threesixtygiving.org/org/GB-GOR-D15
Smallwood Trust,https://grantnav.threesixtygiving.org/org/GB-CHC-205798
J J Charitable Trust,https://grantnav.threesixtygiving.org/org/GB-CHC-1015792
Fight for Sight,https://grantnav.threesixtygiving.org/org/GB-CHC-1111438
The Berkeley Foundation,https://grantnav.threesixtygiving.org/org/GB-CHC-1152596
Daiwa Anglo-Japanese Foundation,https://grantnav.threesixtygiving.org/org/GB-CHC-299955
Cabinet Office,https://grantnav.threesixtygiving.org/org/GB-GOR-D2
CareTech Foundation,https://grantnav.threesixtygiving.org/org/GB-CHC-1182567
The Bromley Trust,https://grantnav.threesixtygiving.org/org/GB-CHC-801875
Northern Rock Foundation,https://grantnav.threesixtygiving.org/org/GB-COH-03416658
Cornwall Community Foundation,https://grantnav.threesixtygiving.org/org/GB-CHC-1099977
Haberdashers' Company,https://grantnav.threesixtygiving.org/org/GB-CHC-275067
The Seafarers' Charity,https://grantnav.threesixtygiving.org/org/GB-CHC-226446
Department for International Trade,https://grantnav.threesixtygiving.org/org/GB-GOR-D1196
Postcode Culture Trust,https://grantnav.threesixtygiving.org/org/GB-SC-SC043234
JAC Trust,https://grantnav.threesixtygiving.org/org/GB-CHC-1189523
The Greggs Foundation,https://grantnav.threesixtygiving.org/org/GB-CHC-296590
The Ballinger Charitable Trust,https://grantnav.threesixtygiving.org/org/GB-CHC-1121739
Esmée Fairbairn Foundation,https://grantnav.threesixtygiving.org/org/GB-CHC-200051
Wates Foundation,https://grantnav.threesixtygiving.org/org/GB-CHC-1202779
London Borough of Hounslow,https://grantnav.threesixtygiving.org/org/GB-LAE-HNS
The Rayne Foundation,https://grantnav.threesixtygiving.org/org/GB-CHC-1179912
Indigo Trust,https://grantnav.threesixtygiving.org/org/GB-CHC-1075920
Trussell,https://grantnav.threesixtygiving.org/org/GB-CHC-1110522
The National Archives,https://grantnav.threesixtygiving.org/org/GB-GOR-EA71
Alex Ferry Foundation,https://grantnav.threesixtygiving.org/org/GB-CHC-1179847
Pears Foundation,https://grantnav.threesixtygiving.org/org/GB-CHC-1009195
MERCERS' SCHOOL MEMORIAL TRUST (INCORPORATING THE MERRETT BEQUEST),https://grantnav.threesixtygiving.org/org/GB-CHC-1091658
John Lyon's Charity,https://grantnav.threesixtygiving.org/org/GB-CHC-237725
Department for Business and Trade,https://grantnav.threesixtygiving.org/org/GB-GOR-D1382
Mission 44,https://grantnav.threesixtygiving.org/org/GB-CHC-1199596
Manchester City Council,https://grantnav.threesixtygiving.org/org/GB-LAE-MAN
Thrive LDN,https://grantnav.threesixtygiving.org/org/360G-ThriveLDN
Making a Difference Locally,https://grantnav.threesixtygiving.org/org/GB-CHC-1123800
Cambridgeshire Community Foundation,https://grantnav.threesixtygiving.org/org/GB-CHC-1103314
Manchester Pride,https://grantnav.threesixtygiving.org/org/GB-CHC-1117848
Norfolk Community Foundation,https://grantnav.threesixtygiving.org/org/GB-CHC-1110817
Trafford Metropolitan Borough Council,https://grantnav.threesixtygiving.org/org/GB-LAE-TRF
Community Foundation for Surrey,https://grantnav.threesixtygiving.org/org/GB-CHC-1111600
Lloyd's Register Foundation,https://grantnav.threesixtygiving.org/org/GB-CHC-1145988
CHARITY OF SIR RICHARD WHITTINGTON,https://grantnav.threesixtygiving.org/org/GB-CHC-1087167
The Linbury Trust,https://grantnav.threesixtygiving.org/org/GB-CHC-287077
Arts Council England,https://grantnav.threesixtygiving.org/org/GB-CHC-1036733
Mayor's Office for Policing and Crime,https://grantnav.threesixtygiving.org/org/GB-LAE-GLA-MOPAC
Hammersmith United Charities,https://grantnav.threesixtygiving.org/org/GB-CHC-205856
Unbound Philanthropy,https://grantnav.threesixtygiving.org/org/US-EIN-83-0411606
Sheffield City Council,https://grantnav.threesixtygiving.org/org/GB-LAE-SHF
Architectural Heritage Fund,https://grantnav.threesixtygiving.org/org/GB-CHC-266780
WCIT Charity,https://grantnav.threesixtygiving.org/org/GB-CHC-1113488
The National Lottery Community Fund,https://grantnav.threesixtygiving.org/org/GB-GOR-PB188
Wiltshire and Swindon Community Foundation,https://grantnav.threesixtygiving.org/org/GB-CHC-1123126
Co-operative Group,https://grantnav.threesixtygiving.org/org/GB-COH-IP00525R
"Department for Environment, Food & Rural Affairs",https://grantnav.threesixtygiving.org/org/GB-GOR-D7
Wates Family Enterprise Trust,https://grantnav.threesixtygiving.org/org/GB-CHC-1126007
Community Foundation for Northern Ireland,https://grantnav.threesixtygiving.org/org/GB-NIC-105105
HASLEMERE SCHOOLS CHARITY,https://grantnav.threesixtygiving.org/org/GB-CHC-1111360
The Michael and Betty Little Trust,https://grantnav.threesixtygiving.org/org/GB-CHC-1107412
Community Land Scotland,https://grantnav.threesixtygiving.org/org/GB-SC-SC041864
Staples Trust,https://grantnav.threesixtygiving.org/org/GB-CHC-1010656
Brian Mercer Trust,https://grantnav.threesixtygiving.org/org/GB-CHC-1076925
Ministry of Defence,https://grantnav.threesixtygiving.org/org/GB-GOR-D17
abrdn Financial Fairness Trust,https://grantnav.threesixtygiving.org/org/GB-SC-SC040877
William Grant Foundation,https://grantnav.threesixtygiving.org/org/360G-WilliamGrantFdn
R L Glasspool Charity Trust,https://grantnav.threesixtygiving.org/org/GB-CHC-214648
Foundation Scotland,https://grantnav.threesixtygiving.org/org/GB-SC-SC022910
The Shears Foundation,https://grantnav.threesixtygiving.org/org/GB-CHC-1202285
Rothschild Foundation,https://grantnav.threesixtygiving.org/org/GB-CHC-1138145
Youth Music,https://grantnav.threesixtygiving.org/org/GB-CHC-1075032
HM Revenue & Customs,https://grantnav.threesixtygiving.org/org/GB-GOR-D25
ARCADIA,https://grantnav.threesixtygiving.org/org/360G-ArcadiaFund
London Borough of Southwark,https://grantnav.threesixtygiving.org/org/GB-LAE-SWK
Point North,https://grantnav.threesixtygiving.org/org/GB-CHC-1047625
Crisis UK,https://grantnav.threesixtygiving.org/org/GB-CHC-1082947
Postcode Children Trust,https://grantnav.threesixtygiving.org/org/GB-SC-SC044773
Nesta,https://grantnav.threesixtygiving.org/org/GB-CHC-1144091
LUND TRUST,https://grantnav.threesixtygiving.org/org/360G-LundTrust
London Borough of Havering,https://grantnav.threesixtygiving.org/org/GB-LAE-HAV
Bedfordshire and Luton Community Foundation,https://grantnav.threesixtygiving.org/org/GB-CHC-1086516
